Date,Weight,Daily_change,weekly_avg_weight,weekly_loss,Weight lbs,Daily_change lbs,weekly_avg_weight lbs,weekly_loss lbs
2024-02-26,96.6,,,,212.96654526588,,,
2024-02-27,96.6,0.0,,,212.96654526588,0.0,,
2024-02-28,96.23333333333333,-0.36666666666666003,,,212.15818363788668,-0.8083616279933187,,
2024-02-29,95.86666666666666,-0.36666666666667425,,,211.34982200989333,-0.8083616279933501,,
2024-03-01,95.5,-0.36666666666666003,,,210.5414603819,-0.8083616279933187,,
2024-03-02,95.16,-0.3400000000000034,,,209.79188869048798,-0.7495716914120075,,
2024-03-03,94.82,-0.3400000000000034,95.82571428571428,,209.04231699907598,-0.7495716914120075,211.25953746442914,
2024-03-04,94.48,-0.3399999999999892,,,208.292745307664,-0.7495716914119762,,
2024-03-05,94.14,-0.3400000000000034,,,207.543173616252,-0.7495716914120075,,
2024-03-06,93.8,-0.3400000000000034,,,206.79360192484,-0.7495716914120075,,
2024-03-07,93.78461538461538,-0.015384615384618883,,,206.75968465373538,-0.033917271104623094,,
2024-03-08,93.76923076923076,-0.015384615384618883,,,206.72576738263075,-0.033917271104623094,,
2024-03-09,93.75384615384615,-0.015384615384604672,,,206.69185011152615,-0.033917271104591765,,
2024-03-10,93.73846153846154,-0.015384615384618883,93.92373626373626,-1.9019780219780245,206.65793284042152,-0.033917271104623094,207.06639369100998,-4.1931437734191706
2024-03-11,93.72307692307692,-0.015384615384618883,,,206.62401556931692,-0.033917271104623094,,
2024-03-12,93.7076923076923,-0.015384615384618883,,,206.5900982982123,-0.033917271104623094,,
2024-03-13,93.6923076923077,-0.015384615384604672,,,206.5561810271077,-0.033917271104591765,,
2024-03-14,93.67692307692307,-0.015384615384618883,,,206.52226375600307,-0.033917271104623094,,
2024-03-15,93.66153846153846,-0.015384615384618883,,,206.48834648489844,-0.033917271104623094,,
2024-03-16,93.64615384615384,-0.015384615384618883,,,206.45442921379382,-0.033917271104623094,,
2024-03-17,93.63076923076923,-0.015384615384604672,93.67692307692307,-0.24681318681318487,206.42051194268925,-0.033917271104591765,206.52226375600307,-0.5441299350068968
2024-03-18,93.61538461538461,-0.015384615384618883,,,206.38659467158462,-0.033917271104623094,,
2024-03-19,93.6,-0.015384615384618883,,,206.35267740048,-0.033917271104623094,,
2024-03-20,93.35,-0.25,,,205.80152174503,-0.55115565545,,
2024-03-21,93.1,-0.25,,,205.25036608957998,-0.55115565545,,
2024-03-22,93.06610169491525,-0.03389830508474745,,,205.17563311934947,-0.07473297023051219,,
2024-03-23,93.0322033898305,-0.03389830508474745,,,205.10090014911896,-0.07473297023051219,,
2024-03-24,92.99830508474575,-0.03389830508474745,93.2517135406966,-0.4252095362264754,205.02616717888844,-0.07473297023051219,205.5848371934331,-0.9374265625699743
2024-03-25,92.964406779661,-0.03389830508474745,,,204.95143420865793,-0.07473297023051219,,
2024-03-26,92.93050847457627,-0.03389830508473324,,,204.87670123842747,-0.07473297023048087,,
2024-03-27,92.89661016949152,-0.03389830508474745,,,204.80196826819696,-0.07473297023051219,,
2024-03-28,92.86271186440678,-0.03389830508474745,,,204.72723529796644,-0.07473297023051219,,
2024-03-29,92.82881355932203,-0.03389830508474745,,,204.65250232773593,-0.07473297023051219,,
2024-03-30,92.79491525423728,-0.03389830508474745,,,204.57776935750542,-0.07473297023051219,,
2024-03-31,92.76101694915253,-0.03389830508474745,92.86271186440676,-0.38900167628983695,204.5030363872749,-0.07473297023051219,204.72723529796642,-0.8576018954666952
2024-04-01,92.72711864406779,-0.03389830508474745,,,204.4283034170444,-0.07473297023051219,,
2024-04-02,92.69322033898304,-0.03389830508474745,,,204.35357044681388,-0.07473297023051219,,
2024-04-03,92.6593220338983,-0.03389830508473324,,,204.2788374765834,-0.07473297023048087,,
2024-04-04,92.62542372881356,-0.03389830508474745,,,204.20410450635288,-0.07473297023051219,,
2024-04-05,92.59152542372881,-0.03389830508474745,,,204.12937153612236,-0.07473297023051219,,
2024-04-06,92.55762711864406,-0.03389830508474745,,,204.05463856589185,-0.07473297023051219,,
2024-04-07,92.52372881355932,-0.03389830508474745,92.62542372881356,-0.23728813559320372,203.97990559566134,-0.07473297023051219,204.20410450635288,-0.5231307916135227
2024-04-08,92.48983050847457,-0.03389830508474745,,,203.90517262543082,-0.07473297023051219,,
2024-04-09,92.45593220338982,-0.03389830508474745,,,203.8304396552003,-0.07473297023051219,,
2024-04-10,92.42203389830507,-0.03389830508474745,,,203.7557066849698,-0.07473297023051219,,
2024-04-11,92.38813559322033,-0.03389830508474745,,,203.6809737147393,-0.07473297023051219,,
2024-04-12,92.3542372881356,-0.03389830508473324,,,203.60624074450882,-0.07473297023048087,,
2024-04-13,92.32033898305085,-0.03389830508474745,,,203.5315077742783,-0.07473297023051219,,
2024-04-14,92.2864406779661,-0.03389830508474745,92.38813559322034,-0.23728813559321793,203.4567748040478,-0.07473297023051219,203.68097371473934,-0.523130791613554
2024-04-15,92.25254237288135,-0.03389830508474745,,,203.38204183381728,-0.07473297023051219,,
2024-04-16,92.2186440677966,-0.03389830508474745,,,203.30730886358677,-0.07473297023051219,,
2024-04-17,92.18474576271186,-0.03389830508474745,,,203.23257589335626,-0.07473297023051219,,
2024-04-18,92.15084745762711,-0.03389830508474745,,,203.15784292312574,-0.07473297023051219,,
2024-04-19,92.11694915254236,-0.03389830508474745,,,203.08310995289523,-0.07473297023051219,,
2024-04-20,92.08305084745763,-0.03389830508473324,,,203.00837698266474,-0.07473297023048087,,
2024-04-21,92.04915254237288,-0.03389830508474745,92.15084745762712,-0.23728813559321793,202.93364401243423,-0.07473297023051219,203.15784292312577,-0.523130791613554
2024-04-22,92.01525423728813,-0.03389830508474745,,,202.85891104220372,-0.07473297023051219,,
2024-04-23,91.98135593220339,-0.03389830508474745,,,202.7841780719732,-0.07473297023051219,,
2024-04-24,91.94745762711864,-0.03389830508474745,,,202.7094451017427,-0.07473297023051219,,
2024-04-25,91.91355932203389,-0.03389830508474745,,,202.63471213151217,-0.07473297023051219,,
2024-04-26,91.87966101694914,-0.03389830508474745,,,202.5599791612817,-0.07473297023051219,,
2024-04-27,91.8457627118644,-0.03389830508474745,,,202.48524619105117,-0.07473297023051219,,
2024-04-28,91.81186440677966,-0.03389830508473324,91.91355932203389,-0.23728813559323214,202.4105132208207,-0.07473297023048087,202.63471213151217,-0.5231307916135853
2024-04-29,91.77796610169491,-0.03389830508474745,,,202.33578025059018,-0.07473297023051219,,
2024-04-30,91.74406779661017,-0.03389830508474745,,,202.26104728035966,-0.07473297023051219,,
2024-05-01,91.71016949152542,-0.03389830508474745,,,202.18631431012915,-0.07473297023051219,,
2024-05-02,91.67627118644067,-0.03389830508474745,,,202.11158133989863,-0.07473297023051219,,
2024-05-03,91.64237288135593,-0.03389830508474745,,,202.03684836966812,-0.07473297023051219,,
2024-05-04,91.60847457627118,-0.03389830508474745,,,201.9621153994376,-0.07473297023051219,,
2024-05-05,91.57457627118643,-0.03389830508474745,91.67627118644067,-0.23728813559321793,201.8873824292071,-0.07473297023051219,202.11158133989863,-0.523130791613554
2024-05-06,91.54067796610168,-0.03389830508474745,,,201.81264945897658,-0.07473297023051219,,
2024-05-07,91.50677966101695,-0.03389830508473324,,,201.7379164887461,-0.07473297023048087,,
2024-05-08,91.4728813559322,-0.03389830508474745,,,201.66318351851558,-0.07473297023051219,,
2024-05-09,91.43898305084745,-0.03389830508474745,,,201.58845054828507,-0.07473297023051219,,
2024-05-10,91.40508474576271,-0.03389830508474745,,,201.51371757805455,-0.07473297023051219,,
2024-05-11,91.37118644067796,-0.03389830508474745,,,201.43898460782407,-0.07473297023051219,,
2024-05-12,91.33728813559321,-0.03389830508474745,91.43898305084745,-0.23728813559321793,201.36425163759355,-0.07473297023051219,201.58845054828507,-0.523130791613554
2024-05-13,91.30338983050846,-0.03389830508474745,,,201.28951866736304,-0.07473297023051219,,
2024-05-14,91.26949152542372,-0.03389830508474745,,,201.21478569713253,-0.07473297023051219,,
2024-05-15,91.23559322033898,-0.03389830508473324,,,201.14005272690204,-0.07473297023048087,,
2024-05-16,91.20169491525424,-0.03389830508474745,,,201.06531975667153,-0.07473297023051219,,
2024-05-17,91.16779661016949,-0.03389830508474745,,,200.990586786441,-0.07473297023051219,,
2024-05-18,91.13389830508474,-0.03389830508474745,,,200.9158538162105,-0.07473297023051219,,
2024-05-19,91.1,-0.03389830508474745,91.20169491525424,-0.23728813559321793,200.84112084598,-0.07473297023051219,201.06531975667153,-0.523130791613554
2024-05-20,90.94285714285714,-0.15714285714285836,,,200.49468014826857,-0.34644069771143127,,
2024-05-21,90.78571428571428,-0.15714285714285836,,,200.14823945055713,-0.34644069771143127,,
2024-05-22,90.62857142857142,-0.15714285714285836,,,199.80179875284568,-0.34644069771143127,,
2024-05-23,90.47142857142858,-0.15714285714284415,,,199.4553580551343,-0.3464406977113999,,
2024-05-24,90.31428571428572,-0.15714285714285836,,,199.10891735742285,-0.34644069771143127,,
2024-05-25,90.15714285714286,-0.15714285714285836,,,198.76247665971144,-0.34644069771143127,,
2024-05-26,90.0,-0.15714285714285836,90.47142857142856,-0.7302663438256758,198.416035962,-0.34644069771143127,199.45535805513427,-1.6099617015372616
2024-05-27,90.01,0.010000000000005116,,,198.438082188218,0.022046226218011278,,
2024-05-28,90.02,0.009999999999990905,,,198.46012841443599,0.02204622621797995,,
2024-05-29,90.03,0.010000000000005116,,,198.482174640654,0.022046226218011278,,
2024-05-30,90.03999999999999,0.009999999999990905,,,198.50422086687198,0.02204622621797995,,
2024-05-31,90.05,0.010000000000005116,,,198.52626709308998,0.022046226218011278,,
2024-06-01,90.06,0.010000000000005116,,,198.548313319308,0.022046226218011278,,
2024-06-02,90.07,0.009999999999990905,90.03999999999999,-0.43142857142856883,198.57035954552597,0.02204622621797995,198.50422086687198,-0.95113718826228
2024-06-03,90.08,0.010000000000005116,,,198.59240577174398,0.022046226218011278,,
2024-06-04,90.08999999999999,0.009999999999990905,,,198.61445199796196,0.02204622621797995,,
2024-06-05,90.1,0.010000000000005116,,,198.63649822418,0.022046226218011278,,
2024-06-06,90.3,0.20000000000000284,,,199.07742274854,0.4409245243600063,,
2024-06-07,90.2,-0.09999999999999432,,,198.85696048636,-0.22046226217998746,,
2024-06-08,89.9,-0.29999999999999716,,,198.19557369982002,-0.6613867865399937,,
2024-06-09,89.9,0.0,90.08142857142856,0.04142857142856826,198.19557369982002,0.0,198.59555523263225,0.09133436576027873
2024-06-10,89.9,0.0,,,198.19557369982002,0.0,,
2024-06-11,89.6,-0.30000000000001137,,,197.53418691328,-0.661386786540025,,
2024-06-12,89.3,-0.29999999999999716,,,196.87280012674,-0.6613867865399937,,
2024-06-13,88.9,-0.3999999999999915,,,195.99095107802,-0.8818490487199812,,
2024-06-14,88.98,0.0799999999999983,,,196.16732088776402,0.17636980974399624,,
2024-06-15,89.06,0.0799999999999983,,,196.343690697508,0.17636980974399624,,
2024-06-16,89.14,0.0799999999999983,89.26857142857143,-0.8128571428571263,196.520060507252,0.17636980974399624,196.80351198719774,-1.792043245434535
2024-06-17,89.22,0.0799999999999983,,,196.696430316996,0.17636980974399624,,
2024-06-18,89.3,0.0799999999999983,,,196.87280012674,0.17636980974399624,,
2024-06-19,88.9,-0.3999999999999915,,,195.99095107802,-0.8818490487199812,,
2024-06-20,88.6,-0.30000000000001137,,,195.32956429147998,-0.661386786540025,,
2024-06-21,88.9,0.30000000000001137,,,195.99095107802,0.661386786540025,,
2024-06-22,88.5,-0.4000000000000057,,,195.1091020293,-0.8818490487200126,,
2024-06-23,88.6,0.09999999999999432,88.86,-0.4085714285714346,195.32956429147998,0.22046226217998746,195.902766173148,-0.9007458140497275
2024-06-24,87.8,-0.7999999999999972,,,193.56586619403998,-1.7636980974399938,,
2024-06-25,87.9,0.10000000000000853,,,193.78632845622002,0.2204622621800188,,
2024-06-26,88.0,0.09999999999999432,,,194.0067907184,0.22046226217998746,,
2024-06-27,87.6,-0.4000000000000057,,,193.12494166968,-0.8818490487200126,,
2024-06-28,87.6,0.0,,,193.12494166968,0.0,,
2024-06-29,87.35,-0.25,,,192.57378601423,-0.55115565545,,
2024-06-30,87.1,-0.25,87.62142857142858,-1.2385714285714187,192.02263035878,-0.55115565545,193.1721835830043,-2.7305825901436926
2024-07-01,86.7,-0.3999999999999915,,,191.14078131006002,-0.8818490487199812,,
2024-07-02,86.5,-0.20000000000000284,,,190.6998567857,-0.4409245243600063,,
2024-07-03,86.5,0.0,,,190.6998567857,0.0,,
2024-07-04,86.9,0.4000000000000057,,,191.58170583442,0.8818490487200126,,
2024-07-05,86.4,-0.5,,,190.47939452352,-1.1023113109,,
2024-07-06,86.36666666666667,-0.03333333333333144,,,190.40590710279335,-0.07348742072666249,,
2024-07-07,86.33333333333333,-0.03333333333334565,86.52857142857144,-1.0928571428571416,190.33241968206667,-0.07348742072669381,190.76284600346574,-2.409337579538569
2024-07-08,86.3,-0.03333333333333144,,,190.25893226134,-0.07348742072666249,,
2024-07-09,86.1,-0.20000000000000284,,,189.81800773697998,-0.4409245243600063,,
2024-07-10,85.8,-0.29999999999999716,,,189.15662095044,-0.6613867865399937,,
2024-07-11,85.73333333333333,-0.06666666666666288,,,189.00964610898666,-0.14697484145332498,,
2024-07-12,85.66666666666666,-0.06666666666667709,,,188.8626712675333,-0.14697484145335632,,
2024-07-13,85.6,-0.06666666666666288,,,188.71569642608,-0.14697484145332498,,
2024-07-14,85.44999999999999,-0.15000000000000568,85.80714285714285,-0.7214285714285893,188.38500303280998,-0.3306933932700125,189.1723682548814,-1.5904777485843251
2024-07-15,85.3,-0.14999999999999147,,,188.05430963954,-0.3306933932699812,,
2024-07-16,85.22,-0.0799999999999983,,,187.877939829796,-0.17636980974399624,,
2024-07-17,85.14,-0.0799999999999983,,,187.701570020052,-0.17636980974399624,,
2024-07-18,85.06,-0.0799999999999983,,,187.52520021030801,-0.17636980974399624,,
2024-07-19,84.98,-0.0799999999999983,,,187.348830400564,-0.17636980974399624,,
2024-07-20,84.9,-0.0799999999999983,,,187.17246059082,-0.17636980974399624,,
2024-07-21,85.06,0.1599999999999966,85.0942857142857,-0.7128571428571462,187.52520021030801,0.3527396194879925,187.60078727162684,-1.5715809832545788
2024-07-22,85.22,0.1599999999999966,,,187.877939829796,0.3527396194879925,,
2024-07-23,85.38000000000001,0.1600000000000108,,,188.23067944928403,0.3527396194880238,,
2024-07-24,85.54,0.1599999999999966,,,188.583419068772,0.3527396194879925,,
2024-07-25,85.7,0.1599999999999966,,,188.93615868826,0.3527396194879925,,
2024-07-26,85.275,-0.42499999999999716,,,187.99919407399503,-0.9369646142649938,,
2024-07-27,84.85,-0.42500000000001137,,,187.06222945973,-0.9369646142650251,,
2024-07-28,84.425,-0.42499999999999716,85.19857142857143,0.10428571428572297,186.12526484546498,-0.9369646142649938,187.8306979164717,0.2299106448448763
2024-07-29,84.0,-0.42499999999999716,,,185.1883002312,-0.9369646142649938,,
2024-07-30,84.46666666666667,0.46666666666666856,,,186.21712412137333,1.0288238901733375,,
2024-07-31,84.93333333333334,0.46666666666666856,,,187.2459480115467,1.0288238901733375,,
2024-08-01,85.4,0.46666666666666856,,,188.27477190172002,1.0288238901733375,,
2024-08-02,85.25,-0.15000000000000568,,,187.94407850845,-0.3306933932700125,,
2024-08-03,85.1,-0.15000000000000568,,,187.61338511518,-0.3306933932700125,,
2024-08-04,85.1,0.0,84.89285714285714,-0.3057142857142878,187.61338511518,0.0,187.15671328637856,-0.6739846300931475
2024-08-05,85.1,0.0,,,187.61338511518,0.0,,
2024-08-06,85.1,0.0,,,187.61338511518,0.0,,
2024-08-07,85.1,0.0,,,187.61338511518,0.0,,
2024-08-08,84.4,-0.6999999999999886,,,186.07014927992,-1.5432358352599749,,
2024-08-09,84.35000000000001,-0.04999999999999716,,,185.95991814883,-0.11023113108999373,,
2024-08-10,84.3,-0.05000000000001137,,,185.84968701774,-0.11023113109002507,,
2024-08-11,84.25,-0.04999999999999716,84.65714285714286,-0.23571428571428044,185.73945588665,-0.11023113108999373,186.63705223981142,-0.5196610465671312
2024-08-12,84.2,-0.04999999999999716,,,185.62922475556002,-0.11023113108999373,,
2024-08-13,84.14999999999999,-0.05000000000001137,,,185.51899362446997,-0.11023113109002507,,
2024-08-14,84.1,-0.04999999999999716,,,185.40876249337998,-0.11023113108999373,,
2024-08-15,84.05,-0.04999999999999716,,,185.29853136229,-0.11023113108999373,,
2024-08-16,84.0,-0.04999999999999716,,,185.1883002312,-0.11023113108999373,,
2024-08-17,83.4,-0.5999999999999943,,,183.86552665812002,-1.3227735730799874,,
2024-08-18,83.42307692307693,0.023076923076928324,83.9032967032967,-0.7538461538461547,183.91640256477694,0.050875906656934644,184.97510595568528,-1.6619462841261559
2024-08-19,83.44615384615385,0.023076923076914113,,,183.96727847143384,0.050875906656903315,,
2024-08-20,83.46923076923078,0.023076923076928324,,,184.0181543780908,0.050875906656934644,,
2024-08-21,83.49230769230769,0.023076923076914113,,,184.0690302847477,0.050875906656903315,,
2024-08-22,83.51538461538462,0.023076923076928324,,,184.11990619140462,0.050875906656934644,,
2024-08-23,83.53846153846155,0.023076923076928324,,,184.17078209806155,0.050875906656934644,,
2024-08-24,83.56153846153846,0.023076923076914113,,,184.22165800471845,0.050875906656903315,,
2024-08-25,83.58461538461539,0.023076923076928324,83.51538461538462,-0.38791208791208476,184.2725339113754,0.050875906656934644,184.11990619140462,-0.8551997642806524
2024-08-26,83.60769230769232,0.023076923076928324,,,184.32340981803233,0.050875906656934644,,
2024-08-27,83.63076923076923,0.023076923076914113,,,184.37428572468923,0.050875906656903315,,
2024-08-28,83.65384615384616,0.023076923076928324,,,184.42516163134616,0.050875906656934644,,
2024-08-29,83.67692307692307,0.023076923076914113,,,184.47603753800308,0.050875906656903315,,
2024-08-30,83.7,0.023076923076928324,,,184.52691344466,0.050875906656934644,,
2024-08-31,83.68,-0.01999999999999602,,,184.48282099222402,-0.044092452435991226,,
2024-09-01,83.66,-0.020000000000010232,83.65846153846154,0.14307692307691866,184.438728539788,-0.044092452436022556,184.43533681267755,0.3154306212729133
2024-09-02,83.64,-0.01999999999999602,,,184.394636087352,-0.044092452435991226,,
2024-09-03,83.61999999999999,-0.020000000000010232,,,184.350543634916,-0.044092452436022556,,
2024-09-04,83.6,-0.01999999999999602,,,184.30645118247998,-0.044092452435991226,,
2024-09-05,83.2,-0.3999999999999915,,,183.42460213376,-0.8818490487199812,,
2024-09-06,82.6,-0.6000000000000085,,,182.10182856068,-1.3227735730800187,,
2024-09-07,82.6,0.0,,,182.10182856068,0.0,,
2024-09-08,82.75,0.15000000000000568,83.14428571428572,-0.5141758241758225,182.43252195395002,0.3306933932700125,183.30177315911686,-1.1335636535606777
2024-09-09,82.9,0.15000000000000568,,,182.76321534722,0.3306933932700125,,
2024-09-10,82.6,-0.30000000000001137,,,182.10182856068,-0.661386786540025,,
2024-09-11,82.69999999999999,0.09999999999999432,,,182.32229082285997,0.22046226217998746,,
2024-09-12,82.8,0.10000000000000853,,,182.54275308504,0.2204622621800188,,
2024-09-13,82.89999999999999,0.09999999999999432,,,182.76321534721998,0.22046226217998746,,
2024-09-14,83.0,0.10000000000000853,,,182.9836776094,0.2204622621800188,,
2024-09-15,83.1,0.09999999999999432,82.85714285714286,-0.2871428571428538,183.20413987158,0.22046226217998746,182.66873152057144,-0.6330416385454213
2024-09-16,83.2,0.10000000000000853,,,183.42460213376,0.2204622621800188,,
2024-09-17,83.3,0.09999999999999432,,,183.64506439593998,0.22046226217998746,,
2024-09-18,83.25555555555556,-0.04444444444443718,,,183.54708116830446,-0.09798322763553954,,
2024-09-19,83.21111111111111,-0.04444444444445139,,,183.44909794066888,-0.09798322763557088,,
2024-09-20,83.16666666666667,-0.04444444444443718,,,183.35111471303335,-0.09798322763553954,,
2024-09-21,83.12222222222222,-0.04444444444445139,,,183.25313148539777,-0.09798322763557088,,
2024-09-22,83.07777777777778,-0.04444444444443718,83.19047619047619,0.3333333333333286,183.15514825776222,-0.09798322763553954,183.40360572783808,0.7348742072666562
2024-09-23,83.03333333333333,-0.04444444444445139,,,183.05716503012667,-0.09798322763557088,,
2024-09-24,82.9888888888889,-0.04444444444443718,,,182.95918180249112,-0.09798322763553954,,
2024-09-25,82.94444444444444,-0.04444444444445139,,,182.86119857485556,-0.09798322763557088,,
2024-09-26,82.9,-0.04444444444443718,,,182.76321534722,-0.09798322763553954,,
2024-09-27,82.90833333333333,0.008333333333325754,,,182.78158720240165,0.01837185518164996,,
2024-09-28,82.91666666666667,0.008333333333339965,,,182.79995905758335,0.018371855181681288,,
2024-09-29,82.92500000000001,0.008333333333339965,82.9452380952381,-0.24523809523809348,182.81833091276502,0.018371855181681288,182.86294827534905,-0.5406574524890437
2024-09-30,82.93333333333334,0.008333333333325754,,,182.8367027679467,0.01837185518164996,,
2024-10-01,82.94166666666666,0.008333333333325754,,,182.85507462312833,0.01837185518164996,,
2024-10-02,82.95,0.008333333333339965,,,182.87344647831,0.018371855181681288,,
2024-10-03,82.95833333333334,0.008333333333339965,,,182.8918183334917,0.018371855181681288,,
2024-10-04,82.96666666666667,0.008333333333325754,,,182.91019018867334,0.01837185518164996,,
2024-10-05,82.975,0.008333333333325754,,,182.92856204385498,0.01837185518164996,,
2024-10-06,82.98333333333333,0.008333333333339965,82.95833333333334,0.013095238095246486,182.94693389903668,0.018371855181681288,182.8918183334917,0.028870058142637548
2024-10-07,82.99166666666667,0.008333333333339965,,,182.96530575421835,0.018371855181681288,,
2024-10-08,83.0,0.008333333333325754,,,182.9836776094,0.01837185518164996,,
2024-10-09,82.2,-0.7999999999999972,,,181.21997951196002,-1.7636980974399938,,
2024-10-10,82.1,-0.10000000000000853,,,180.99951724977998,-0.2204622621800188,,
2024-10-11,82.08333333333333,-0.01666666666666572,,,180.96277353941665,-0.036743710363331246,,
2024-10-12,82.06666666666666,-0.01666666666666572,,,180.92602982905333,-0.036743710363331246,,
2024-10-13,82.05,-0.01666666666666572,82.35595238095239,-0.6023809523809547,180.88928611869,-0.036743710363331246,181.5637956589312,-1.3280226745604813
2024-10-14,82.03333333333333,-0.01666666666666572,,,180.85254240832666,-0.036743710363331246,,
2024-10-15,82.01666666666667,-0.01666666666666572,,,180.81579869796334,-0.036743710363331246,,
2024-10-16,82.0,-0.01666666666666572,,,180.7790549876,-0.036743710363331246,,
2024-10-17,81.98333333333333,-0.01666666666666572,,,180.74231127723667,-0.036743710363331246,,
2024-10-18,81.96666666666667,-0.01666666666666572,,,180.70556756687333,-0.036743710363331246,,
2024-10-19,81.94999999999999,-0.01666666666667993,,,180.66882385651,-0.036743710363362575,,
2024-10-20,81.93333333333332,-0.01666666666666572,81.98333333333333,-0.37261904761905384,180.63208014614665,-0.036743710363331246,180.74231127723667,-0.8214843816945375
2024-10-21,81.91666666666666,-0.01666666666666572,,,180.5953364357833,-0.036743710363331246,,
2024-10-22,81.89999999999999,-0.01666666666666572,,,180.55859272541997,-0.036743710363331246,,
2024-10-23,81.88333333333333,-0.01666666666666572,,,180.52184901505666,-0.036743710363331246,,
2024-10-24,81.86666666666666,-0.01666666666666572,,,180.48510530469332,-0.036743710363331246,,
2024-10-25,81.85,-0.01666666666666572,,,180.44836159432998,-0.036743710363331246,,
2024-10-26,81.83333333333333,-0.01666666666666572,,,180.41161788396667,-0.036743710363331246,,
2024-10-27,81.81666666666666,-0.01666666666666572,81.86666666666666,-0.11666666666667425,180.37487417360333,-0.036743710363331246,180.48510530469332,-0.25720597254335004
2024-10-28,81.8,-0.01666666666666572,,,180.33813046324,-0.036743710363331246,,
2024-10-29,81.55,-0.25,,,179.78697480779,-0.55115565545,,
2024-10-30,81.3,-0.25,,,179.23581915233999,-0.55115565545,,
2024-10-31,80.7,-0.5999999999999943,,,177.91304557926,-1.3227735730799874,,
2024-11-01,80.78,0.0799999999999983,,,178.08941538900402,0.17636980974399624,,
2024-11-02,80.86,0.0799999999999983,,,178.265785198748,0.17636980974399624,,
2024-11-03,80.94,0.0799999999999983,81.13285714285713,-0.7338095238095264,178.442155008492,0.17636980974399624,178.86733222841056,-1.6177730762827676
2024-11-04,81.02,0.0799999999999983,,,178.61852481823598,0.17636980974399624,,
2024-11-05,81.1,0.0799999999999983,,,178.79489462798,0.17636980974399624,,
2024-11-06,80.6,-0.5,,,177.69258331708,-1.1023113109,,
2024-11-07,80.0,-0.5999999999999943,,,176.369809744,-1.3227735730799874,,
2024-11-08,80.26,0.2600000000000051,,,176.94301162566802,0.5732018816680113,,
2024-11-09,80.52,0.2599999999999909,,,177.516213507336,0.5732018816679799,,
2024-11-10,80.78,0.2600000000000051,80.61142857142856,-0.5214285714285722,178.08941538900402,0.5732018816680113,177.71777900418627,-1.1495532242242874
2024-11-11,81.03999999999999,0.2599999999999909,,,178.66261727067197,0.5732018816679799,,
2024-11-12,81.3,0.2600000000000051,,,179.23581915233999,0.5732018816680113,,
2024-11-13,81.14999999999999,-0.15000000000000568,,,178.90512575907,-0.3306933932700125,,
2024-11-14,81.0,-0.14999999999999147,,,178.5744323658,-0.3306933932699812,,
2024-11-15,80.85,-0.15000000000000568,,,178.24373897253,-0.3306933932700125,,
2024-11-16,80.7,-0.14999999999999147,,,177.91304557926,-0.3306933932699812,,
2024-11-17,80.55,-0.15000000000000568,80.94142857142856,0.3299999999999983,177.58235218599,-0.3306933932700125,178.44530446938026,0.7275254651939962
2024-11-18,80.39999999999999,-0.15000000000000568,,,177.25165879271998,-0.3306933932700125,,
2024-11-19,80.25,-0.14999999999999147,,,176.92096539945,-0.3306933932699812,,
2024-11-20,80.1,-0.15000000000000568,,,176.59027200618,-0.3306933932700125,,
2024-11-21,79.95,-0.14999999999999147,,,176.25957861291002,-0.3306933932699812,,
2024-11-22,79.8,-0.15000000000000568,,,175.92888521964,-0.3306933932700125,,
2024-11-23,79.8,0.0,,,175.92888521964,0.0,,
2024-11-24,79.8,0.0,80.01428571428572,-0.9271428571428402,175.92888521964,0.0,176.40130435288287,-2.0440001164973913
2024-11-25,79.71111111111111,-0.08888888888888857,,,175.7329187643689,-0.19596645527111042,,
2024-11-26,79.62222222222222,-0.08888888888888857,,,175.53695230909779,-0.19596645527111042,,
2024-11-27,79.53333333333333,-0.08888888888888857,,,175.34098585382665,-0.19596645527111042,,
2024-11-28,79.44444444444444,-0.08888888888888857,,,175.14501939855555,-0.19596645527111042,,
2024-11-29,79.35555555555555,-0.08888888888888857,,,174.94905294328444,-0.19596645527111042,,
2024-11-30,79.26666666666667,-0.08888888888888857,,,174.75308648801334,-0.19596645527111042,,
2024-12-01,79.17777777777778,-0.08888888888888857,79.44444444444444,-0.5698412698412767,174.55712003274223,-0.19596645527111042,175.14501939855555,-1.2562849543273167
2024-12-02,79.08888888888889,-0.08888888888888857,,,174.3611535774711,-0.19596645527111042,,
2024-12-03,79.0,-0.08888888888888857,,,174.1651871222,-0.19596645527111042,,
2024-12-04,78.6,-0.4000000000000057,,,173.28333807348,-0.8818490487200126,,
2024-12-05,79.0,0.4000000000000057,,,174.1651871222,0.8818490487200126,,
2024-12-06,79.4,0.4000000000000057,,,175.04703617092002,0.8818490487200126,,
2024-12-07,79.35000000000001,-0.04999999999999716,,,174.93680503983003,-0.11023113108999373,,
2024-12-08,79.3,-0.05000000000001137,79.10555555555557,-0.33888888888887436,174.82657390874,-0.11023113109002507,174.39789728783447,-0.747122110721079
2024-12-09,79.25,-0.04999999999999716,,,174.71634277765,-0.11023113108999373,,
2024-12-10,79.2,-0.04999999999999716,,,174.60611164656,-0.11023113108999373,,
2024-12-11,79.14999999999999,-0.05000000000001137,,,174.49588051547,-0.11023113109002507,,
2024-12-12,79.1,-0.04999999999999716,,,174.38564938438,-0.11023113108999373,,
2024-12-13,78.4,-0.6999999999999886,,,172.84241354912,-1.5432358352599749,,
2024-12-14,78.9,0.5,,,173.94472486002002,1.1023113109,,
2024-12-15,78.80000000000001,-0.09999999999999432,78.97142857142856,-0.13412698412700763,173.72426259784004,-0.22046226217998746,174.10219790443426,-0.29569938340021057
2024-12-16,78.7,-0.10000000000000853,,,173.50380033566,-0.2204622621800188,,
2024-12-17,78.4,-0.29999999999999716,,,172.84241354912,-0.6613867865399937,,
2024-12-18,78.2,-0.20000000000000284,,,172.40148902476,-0.4409245243600063,,
2024-12-19,78.0,-0.20000000000000284,,,171.9605645004,-0.4409245243600063,,
2024-12-20,77.9875,-0.012500000000002842,,,171.9330067176275,-0.027557782772506267,,
2024-12-21,77.975,-0.012500000000002842,,,171.905448934855,-0.027557782772506267,,
2024-12-22,77.9625,-0.012499999999988631,78.175,-0.7964285714285637,171.87789115208253,-0.027557782772474938,172.346373459215,-1.7558244452192686
2024-12-23,77.95,-0.012500000000002842,,,171.85033336931,-0.027557782772506267,,
2024-12-24,77.9375,-0.012500000000002842,,,171.8227755865375,-0.027557782772506267,,
2024-12-25,77.92500000000001,-0.012499999999988631,,,171.795217803765,-0.027557782772474938,,
2024-12-26,77.91250000000001,-0.012500000000002842,,,171.7676600209925,-0.027557782772506267,,
2024-12-27,77.9,-0.012500000000002842,,,171.74010223822,-0.027557782772506267,,
2024-12-28,78.2,0.29999999999999716,,,172.40148902476,0.6613867865399937,,
2024-12-29,78.5,0.29999999999999716,78.04642857142858,-0.12857142857141923,173.0628758113,0.6613867865399937,172.0629219792693,-0.2834514799456937
2024-12-30,78.8,0.29999999999999716,,,173.72426259783998,0.6613867865399937,,
2024-12-31,78.73333333333333,-0.06666666666666288,,,173.57728775638668,-0.14697484145332498,,
2025-01-01,78.66666666666666,-0.06666666666667709,,,173.43031291493332,-0.14697484145335632,,
2025-01-02,78.6,-0.06666666666666288,,,173.28333807348,-0.14697484145332498,,
2025-01-03,78.35,-0.25,,,172.73218241803,-0.55115565545,,
2025-01-04,78.1,-0.25,,,172.18102676258,-0.55115565545,,
2025-01-05,78.0,-0.09999999999999432,78.46428571428571,0.41785714285713027,171.9605645004,-0.22046226217998746,172.98413928909284,0.9212173098235437
2025-01-06,77.65,-0.3499999999999943,,,171.18894658277,-0.7716179176299874,,
2025-01-07,77.3,-0.3500000000000085,,,170.41732866514,-0.7716179176300189,,
2025-01-08,77.15,-0.14999999999999147,,,170.08663527187002,-0.3306933932699812,,
2025-01-09,77.0,-0.15000000000000568,,,169.7559418786,-0.3306933932700125,,
2025-01-10,76.7,-0.29999999999999716,,,169.09455509206,-0.6613867865399937,,
2025-01-11,76.6,-0.10000000000000853,,,168.87409282988,-0.2204622621800188,,
2025-01-12,76.6,0.0,77.0,-1.4642857142857082,168.87409282988,0.0,169.7559418786,-3.228197410492844
2025-01-13,76.6,0.0,,,168.87409282988,0.0,,
2025-01-14,76.6,0.0,,,168.87409282988,0.0,,
2025-01-15,76.6,0.0,,,168.87409282988,0.0,,
2025-01-16,76.6,0.0,,,168.87409282988,0.0,,
2025-01-17,76.6,0.0,,,168.87409282988,0.0,,
2025-01-18,76.6,0.0,,,168.87409282988,0.0,,
2025-01-19,76.6,0.0,76.6,-0.4000000000000057,168.87409282988,0.0,168.87409282988,-0.8818490487200126
2025-01-20,76.6,0.0,,,168.87409282988,0.0,,
2025-01-21,76.6,0.0,,,168.87409282988,0.0,,
2025-01-22,76.6,0.0,,,168.87409282988,0.0,,
2025-01-23,76.5,-0.09999999999999432,,,168.6536305677,-0.22046226217998746,,
2025-01-24,76.4,-0.09999999999999432,,,168.43316830552,-0.22046226217998746,,
2025-01-25,76.3,-0.10000000000000853,,,168.21270604334,-0.2204622621800188,,
2025-01-26,75.5,-0.7999999999999972,76.35714285714286,-0.2428571428571331,166.4490079459,-1.7636980974399938,168.33868447887144,-0.53540835100855
2025-01-27,75.55,0.04999999999999716,,,166.55923907699,0.11023113108999373,,
2025-01-28,75.6,0.04999999999999716,,,166.66947020807999,0.11023113108999373,,
2025-01-29,75.55,-0.04999999999999716,,,166.55923907699,-0.11023113108999373,,
2025-01-30,75.5,-0.04999999999999716,,,166.4490079459,-0.11023113108999373,,
2025-01-31,75.9,0.4000000000000057,,,167.33085699462,0.8818490487200126,,
2025-02-01,76.3,0.3999999999999915,,,168.21270604334,0.8818490487199812,,
2025-02-02,76.3,0.0,75.81428571428572,-0.5428571428571445,168.21270604334,0.0,167.14188934132287,-1.196795137548575
2025-02-03,75.9,-0.3999999999999915,,,167.33085699462,-0.8818490487199812,,
2025-02-04,75.1,-0.8000000000000114,,,165.56715889717998,-1.7636980974400251,,
2025-02-05,74.4,-0.6999999999999886,,,164.02392306192002,-1.5432358352599749,,
2025-02-06,74.6,0.19999999999998863,,,164.46484758628,0.4409245243599749,,
2025-02-07,75.3,0.7000000000000028,,,166.00808342154,1.5432358352600062,,
2025-02-08,75.0,-0.29999999999999716,,,165.346696635,-0.6613867865399937,,
2025-02-09,74.9,-0.09999999999999432,75.02857142857144,-0.7857142857142776,165.12623437282002,-0.22046226217998746,165.40968585276573,-1.732203488557125
2025-02-10,74.1,-0.8000000000000114,,,163.36253627538,-1.7636980974400251,,
2025-02-11,75.1,1.0,,,165.56715889717998,2.2046226218,,
2025-02-12,74.7,-0.3999999999999915,,,164.68530984846,-0.8818490487199812,,
2025-02-13,74.56666666666666,-0.13333333333333997,,,164.39136016555332,-0.2939496829066813,,
2025-02-14,74.43333333333334,-0.13333333333332575,,,164.09741048264667,-0.29394968290664997,,
2025-02-15,74.3,-0.13333333333333997,,,163.80346079974,-0.2939496829066813,,
2025-02-16,74.35,0.04999999999999716,74.50714285714285,-0.5214285714285865,163.91369193083,0.11023113108999373,164.2601326285414,-1.149553224224319
2025-02-17,74.4,0.05000000000001137,,,164.02392306192002,0.11023113109002507,,
2025-02-18,74.8,0.3999999999999915,,,164.90577211064,0.8818490487199812,,
2025-02-19,74.1,-0.7000000000000028,,,163.36253627538,-1.5432358352600062,,
2025-02-20,74.0,-0.09999999999999432,,,163.1420740132,-0.22046226217998746,,
2025-02-21,73.85,-0.15000000000000568,,,162.81138061993,-0.3306933932700125,,
2025-02-22,73.7,-0.14999999999999147,,,162.48068722666,-0.3306933932699812,,
2025-02-23,74.9,1.2000000000000028,74.25,-0.2571428571428527,165.12623437282002,2.6455471461600064,163.69322966865,-0.5669029598914187
2025-02-24,75.2,0.29999999999999716,,,165.78762115936001,0.6613867865399937,,
2025-02-25,74.8,-0.4000000000000057,,,164.90577211064,-0.8818490487200126,,
2025-02-26,75.3,0.5,,,166.00808342154,1.1023113109,,
2025-02-27,74.5,-0.7999999999999972,,,164.2443853241,-1.7636980974399938,,
2025-02-28,74.2,-0.29999999999999716,,,163.58299853756,-0.6613867865399937,,
2025-03-01,74.3,0.09999999999999432,,,163.80346079974,0.22046226217998746,,
2025-03-02,74.5,0.20000000000000284,74.68571428571428,0.4357142857142833,164.2443853241,0.4409245243600063,164.65381523957714,0.9605855709271375
2025-03-03,74.2,-0.29999999999999716,,,163.58299853756,-0.6613867865399937,,
2025-03-04,74.0,-0.20000000000000284,,,163.1420740132,-0.4409245243600063,,
2025-03-05,73.6,-0.4000000000000057,,,162.26022496448,-0.8818490487200126,,
2025-03-06,73.7,0.10000000000000853,,,162.48068722666,0.2204622621800188,,
2025-03-07,72.9,-0.7999999999999972,,,160.71698912922002,-1.7636980974399938,,
2025-03-08,73.0,0.09999999999999432,,,160.9374513914,0.22046226217998746,,
2025-03-09,73.0,0.0,73.48571428571428,-1.2000000000000028,160.9374513914,0.0,162.00826809341714,-2.6455471461600064
2025-03-10,73.0,0.0,,,160.9374513914,0.0,,
2025-03-11,73.5,0.5,,,162.0397627023,1.1023113109,,
2025-03-12,73.4,-0.09999999999999432,,,161.81930044012,-0.22046226217998746,,
2025-03-13,72.5,-0.9000000000000057,,,159.8351400805,-1.9841603596200126,,
2025-03-14,72.2,-0.29999999999999716,,,159.17375329396,-0.6613867865399937,,
2025-03-15,73.2,1.0,,,161.37837591576002,2.2046226218,,
2025-03-16,74.2,1.0,73.14285714285714,-0.34285714285714164,163.58299853756,2.2046226218,161.25239748022855,-0.7558706131885687
2025-03-17,73.75,-0.45000000000000284,,,162.59091835775,-0.9920801798100063,,
2025-03-18,73.3,-0.45000000000000284,,,161.59883817794,-0.9920801798100063,,
2025-03-19,72.7,-0.5999999999999943,,,160.27606460486,-1.3227735730799874,,
2025-03-20,73.0,0.29999999999999716,,,160.9374513914,0.6613867865399937,,
2025-03-21,73.6,0.5999999999999943,,,162.26022496448,1.3227735730799874,,
2025-03-22,73.6,0.0,,,162.26022496448,0.0,,
2025-03-23,73.55,-0.04999999999999716,73.35714285714286,0.2142857142857224,162.14999383339,-0.11023113108999373,161.72481661347143,0.47241913324287504
2025-03-24,73.5,-0.04999999999999716,,,162.0397627023,-0.11023113108999373,,
2025-03-25,73.7,0.20000000000000284,,,162.48068722666,0.4409245243600063,,
2025-03-26,73.7,0.0,,,162.48068722666,0.0,,
2025-03-27,73.7,0.0,,,162.48068722666,0.0,,
2025-03-28,72.9,-0.7999999999999972,,,160.71698912922002,-1.7636980974399938,,
2025-03-29,72.8,-0.10000000000000853,,,160.49652686704,-0.2204622621800188,,
2025-03-30,72.6,-0.20000000000000284,73.27142857142857,-0.08571428571428896,160.05560234267998,-0.4409245243600063,161.5358489601743,-0.18896765329715
2025-03-31,72.4,-0.19999999999998863,,,159.61467781832002,-0.4409245243599749,,
2025-04-01,72.3,-0.10000000000000853,,,159.39421555613998,-0.2204622621800188,,
2025-04-02,72.9,0.6000000000000085,,,160.71698912922002,1.3227735730800187,,
2025-04-03,72.6,-0.30000000000001137,,,160.05560234267998,-0.661386786540025,,
2025-04-04,72.69999999999999,0.09999999999999432,,,160.27606460485998,0.22046226217998746,,
2025-04-05,72.8,0.10000000000000853,,,160.49652686704,0.2204622621800188,,
2025-04-06,73.0,0.20000000000000284,72.67142857142856,-0.6000000000000085,160.9374513914,0.4409245243600063,160.21307538709428,-1.3227735730800187
2025-04-07,73.6,0.5999999999999943,,,162.26022496448,1.3227735730799874,,
2025-04-08,73.1,-0.5,,,161.15791365357998,-1.1023113109,,
2025-04-09,72.6,-0.5,,,160.05560234267998,-1.1023113109,,
2025-04-10,72.4,-0.19999999999998863,,,159.61467781832002,-0.4409245243599749,,
2025-04-11,72.5,0.09999999999999432,,,159.8351400805,0.22046226217998746,,
2025-04-12,73.6,1.0999999999999943,,,162.26022496448,2.4250848839799874,,
2025-04-13,72.5,-1.0999999999999943,72.89999999999999,0.22857142857142776,159.8351400805,-2.4250848839799874,160.71698912922,0.5039137421257125
2025-04-14,72.2,-0.29999999999999716,,,159.17375329396,-0.6613867865399937,,
2025-04-15,71.9,-0.29999999999999716,,,158.51236650742,-0.6613867865399937,,
2025-04-16,71.6,-0.30000000000001137,,,157.85097972088,-0.661386786540025,,
2025-04-17,71.6,0.0,,,157.85097972088,0.0,,
2025-04-18,71.2,-0.3999999999999915,,,156.96913067216002,-0.8818490487199812,,
2025-04-19,71.4,0.20000000000000284,,,157.41005519652,0.4409245243600063,,
2025-04-20,71.6,0.19999999999998863,71.64285714285714,-1.2571428571428527,157.85097972088,0.4409245243599749,157.94546354752856,-2.7715255816914186
2025-04-21,71.8,0.20000000000000284,,,158.29190424524,0.4409245243600063,,
2025-04-22,72.0,0.20000000000000284,,,158.7328287696,0.4409245243600063,,
2025-04-23,72.0,0.0,,,158.7328287696,0.0,,
2025-04-24,71.7,-0.29999999999999716,,,158.07144198306,-0.6613867865399937,,
2025-04-25,70.7,-1.0,,,155.86681936126,-2.2046226218,,
2025-04-26,72.4,1.7000000000000028,,,159.61467781832002,3.747858457060006,,
2025-04-27,71.7,-0.7000000000000028,71.75714285714285,0.11428571428571388,158.07144198306,-1.5432358352600062,158.1974204185914,0.25195687106285625
2025-04-28,71.3,-0.4000000000000057,,,157.18959293434,-0.8818490487200126,,
2025-04-29,71.7,0.4000000000000057,,,158.07144198306,0.8818490487200126,,
2025-04-30,71.0,-0.7000000000000028,,,156.5282061478,-1.5432358352600062,,
2025-05-01,70.9,-0.09999999999999432,,,156.30774388562003,-0.22046226217998746,,
2025-05-02,71.0,0.09999999999999432,,,156.5282061478,0.22046226217998746,,
2025-05-03,71.15,0.15000000000000568,,,156.85889954107,0.3306933932700125,,
2025-05-04,71.3,0.14999999999999147,71.19285714285715,-0.5642857142857025,157.18959293434,0.3306933932699812,156.9533833677186,-1.2440370508728311
2025-05-05,71.44999999999999,0.14999999999999147,,,157.52028632760997,0.3306933932699812,,
2025-05-06,71.6,0.15000000000000568,,,157.85097972088,0.3306933932700125,,
2025-05-07,71.4,-0.19999999999998863,,,157.41005519652,-0.4409245243599749,,
2025-05-08,71.3,-0.10000000000000853,,,157.18959293434,-0.2204622621800188,,
2025-05-09,71.3,0.0,,,157.18959293434,0.0,,
2025-05-10,70.7,-0.5999999999999943,,,155.86681936126,-1.3227735730799874,,
2025-05-11,71.3,0.5999999999999943,71.29285714285713,0.0999999999999801,157.18959293434,1.3227735730799874,157.17384562989855,0.22046226217995615
2025-05-12,71.6,0.29999999999999716,,,157.85097972088,0.6613867865399937,,
2025-05-13,70.6,-1.0,,,155.64635709907998,-2.2046226218,,
2025-05-14,70.1,-0.5,,,154.54404578818,-1.1023113109,,
2025-05-15,69.7,-0.3999999999999915,,,153.66219673946,-0.8818490487199812,,
2025-05-16,69.9,0.20000000000000284,,,154.10312126382001,0.4409245243600063,,
2025-05-17,70.13333333333334,0.23333333333333428,,,154.61753320890668,0.5144119450866688,,
2025-05-18,70.36666666666666,0.23333333333332007,70.34285714285714,-0.9499999999999886,155.1319451539933,0.5144119450866375,155.07945413918856,-2.0943914907099748
2025-05-19,70.6,0.23333333333333428,,,155.64635709907998,0.5144119450866688,,
2025-05-20,70.55,-0.04999999999999716,,,155.53612596799,-0.11023113108999373,,
2025-05-21,70.5,-0.04999999999999716,,,155.4258948369,-0.11023113108999373,,
2025-05-22,70.15,-0.3499999999999943,,,154.65427691927002,-0.7716179176299874,,
2025-05-23,69.8,-0.3500000000000085,,,153.88265900164,-0.7716179176300189,,
2025-05-24,69.9,0.10000000000000853,,,154.10312126382001,0.2204622621800188,,
2025-05-25,70.0,0.09999999999999432,70.21428571428571,-0.12857142857143344,154.323583526,0.22046226217998746,154.79600265924284,-0.283451479945725
2025-05-26,70.10000000000001,0.10000000000000853,,,154.54404578818003,0.2204622621800188,,
2025-05-27,70.2,0.09999999999999432,,,154.76450805036,0.22046226217998746,,
2025-05-28,68.9,-1.2999999999999972,,,151.89849864202,-2.866009408339994,,
2025-05-29,68.6,-0.30000000000001137,,,151.23711185547998,-0.661386786540025,,
2025-05-30,70.7,2.1000000000000085,,,155.86681936126,4.6297075057800186,,
2025-05-31,70.0,-0.7000000000000028,,,154.323583526,-1.5432358352600062,,
2025-06-01,69.7,-0.29999999999999716,69.74285714285715,-0.47142857142856087,153.66219673946,-0.6613867865399937,153.75668056610857,-1.0393220931342624
2025-06-02,69.4,-0.29999999999999716,,,153.00080995292,-0.6613867865399937,,
2025-06-03,69.2,-0.20000000000000284,,,152.55988542856,-0.4409245243600063,,
2025-06-04,69.5,0.29999999999999716,,,153.22127221510002,0.6613867865399937,,
2025-06-05,68.8,-0.7000000000000028,,,151.67803637984,-1.5432358352600062,,
2025-06-06,68.4,-0.3999999999999915,,,150.79618733112002,-0.8818490487199812,,
2025-06-07,69.1,0.6999999999999886,,,152.33942316638,1.5432358352599749,,
2025-06-08,68.8,-0.29999999999999716,69.02857142857142,-0.7142857142857224,151.67803637984,-0.6613867865399937,152.1819501219657,-1.574730444142875
2025-06-09,68.1,-0.7000000000000028,,,150.13480054458,-1.5432358352600062,,
2025-06-10,67.8,-0.29999999999999716,,,149.47341375803998,-0.6613867865399937,,
2025-06-11,67.5,-0.29999999999999716,,,148.8120269715,-0.6613867865399937,,
2025-06-12,67.2,-0.29999999999999716,,,148.15064018496,-0.6613867865399937,,
2025-06-13,67.8,0.5999999999999943,,,149.47341375803998,1.3227735730799874,,
2025-06-14,67.92999999999999,0.12999999999999545,,,149.760014698874,0.28660094083398996,,
2025-06-15,68.06,0.13000000000000966,67.77,-1.258571428571429,150.046615639708,0.2866009408340213,149.40727507938598,-2.774675042579715
2025-06-16,68.19,0.12999999999999545,,,150.333216580542,0.28660094083398996,,
2025-06-17,68.32,0.12999999999999545,,,150.61981752137598,0.28660094083398996,,
2025-06-18,68.44999999999999,0.12999999999999545,,,150.90641846220998,0.28660094083398996,,
2025-06-19,68.58,0.13000000000000966,,,151.193019403044,0.2866009408340213,,
2025-06-20,68.71,0.12999999999999545,,,151.479620343878,0.28660094083398996,,
2025-06-21,68.83999999999999,0.12999999999999545,,,151.76622128471197,0.28660094083398996,,
2025-06-22,68.97,0.13000000000000966,68.58,0.8100000000000023,152.052822225546,0.2866009408340213,151.193019403044,1.785744323658005
2025-06-23,69.1,0.12999999999999545,,,152.33942316638,0.28660094083398996,,
2025-06-24,68.2,-0.8999999999999915,,,150.35526280676,-1.9841603596199813,,
2025-06-25,67.8,-0.4000000000000057,,,149.47341375803998,-0.8818490487200126,,
2025-06-26,68.3,0.5,,,150.57572506894,1.1023113109,,
2025-06-27,67.1,-1.2000000000000028,,,147.93017792278,-2.6455471461600064,,
2025-06-28,67.56666666666666,0.46666666666666856,,,148.95900181295332,1.0288238901733375,,
2025-06-29,68.03333333333333,0.46666666666666856,68.0142857142857,-0.5657142857142929,149.98782570312667,1.0288238901733375,149.94583289128283,-1.2471865117611587
2025-06-30,68.5,0.46666666666666856,,,151.0166495933,1.0288238901733375,,
